{
    "questions": [{
            "questionText": "Which of the following is not a Java features?",
            "options": [
                {
                    "text": "Use of pointers",
                    "correct": true
                },
                {
                    "text": "dynamic"
                },
                {
                    "text": "Object Oriented"
                },
                {
                    "text": "Architectural neutral"
                }
            ],
            "explanation": "TS uses a colon (:) to separate the property name from the property type"
        },
        {
            "questionText": "Who invented Java Programming?",
            "options": [{
                    "text": "Guido van Rossum"
                },
                {
                    "text": "Dennis Ritchie"
                },
                {
                    "text": "Bjarne Stroustrup"
                },
                {
                    "text": "James Gosling",
                    "correct": true
                }
            ],
            "explanation": "enum is not used as a type in TypeScript"
        },
        {
            "questionText": "Which component is used to compile, debug and execute the java programs?",
            "options": [{
                    "text": "JRE"
                },
                {
                    "text": "JDK",
                    "correct": true
                },
                {
                    "text": "JVM"
                },
                {
                    "text": "JIT"
                }
            ],
            "explanation": "interfaces are typically used to list the properties and methods for an object"
        },
        {
            "questionText": "Which of these cannot be used for a variable name in Java?",
            "options": [{
                    "text": "number"
                },
                {
                    "text": "keyword",
                    "correct": true
                },
                {
                    "text": "Identifier"
                },
                {
                    "text": "number?"
                }
            ],
            "explanation": "number[] is another way of writing Array<number> in TypeScript"
        },
        {
            "questionText": "In which of these does a class take parameters?",
            "options": [{
                    "text": "constructor",
                    "correct": true
                },
                {
                    "text": "destructor"
                },
                {
                    "text": "import"
                },
                {
                    "text": "subscribe"
                }
            ],
            "explanation": "a constructor is used by a class to take in parameters"
        }
    ]
}