{
    "questions": [{
            "questionText": "Which of the following does TypeScript use to specify types?",
            "options": [
                {
                    "text": ":",
                    "correct": true
                },
                {
                    "text": ";"
                },
                {
                    "text": "!"
                },
                {
                    "text": "&"
                }
            ],
            "explanation": "TS uses a colon (:) to separate the property name from the property type"
        },
        {
            "questionText": "Which of the following is NOT a type used in TypeScript?",
            "options": [{
                    "text": "number"
                },
                {
                    "text": "string"
                },
                {
                    "text": "boolean"
                },
                {
                    "text": "enum",
                    "correct": true
                }
            ],
            "explanation": "enum is not used as a type in TypeScript"
        },
        {
            "questionText": "How can we specify properties and methods for an object in TypeScript?",
            "options": [{
                    "text": "Use classes."
                },
                {
                    "text": "Use interfaces.",
                    "correct": true
                },
                {
                    "text": "Use enums."
                },
                {
                    "text": "Use async/await."
                }
            ],
            "explanation": "interfaces are typically used to list the properties and methods for an object"
        },
        {
            "questionText": "How else can Array<number> be written in TypeScript?",
            "options": [{
                    "text": "@number"
                },
                {
                    "text": "number[]",
                    "correct": true
                },
                {
                    "text": "number!"
                },
                {
                    "text": "number?"
                }
            ],
            "explanation": "number[] is another way of writing Array<number> in TypeScript"
        },
        {
            "questionText": "In which of these does a class take parameters?",
            "options": [{
                    "text": "constructor",
                    "correct": true
                },
                {
                    "text": "destructor"
                },
                {
                    "text": "import"
                },
                {
                    "text": "subscribe"
                }
            ],
            "explanation": "a constructor is used by a class to take in parameters"
        }
    ]
}