{
    "questions": [{
            "questionText": "In which language is Python written?",
            "options": [
                {
                    "text": "C",
                    "correct": true
                },
                {
                    "text": "java"
                },
                {
                    "text": "php"
                },
                {
                    "text": "all of above"
                }
            ],
            "explanation": "TS uses a colon (:) to separate the property name from the property type"
        },
        {
            "questionText": "Which character is used in Python to make a single line comment",
            "options": [{
                    "text": "/"
                },
                {
                    "text": "//"
                },
                {
                    "text": "*"
                },
                {
                    "text": "#",
                    "correct": true
                }
            ],
            "explanation": "enum is not used as a type in TypeScript"
        },
        {
            "questionText": "Which one of the following is the correct extension of the Python file?",
            "options": [{
                    "text": ".python"
                },
                {
                    "text": ".py",
                    "correct": true
                },
                {
                    "text": ".pt"
                },
                {
                    "text": "none of above"
                }
            ],
            "explanation": "interfaces are typically used to list the properties and methods for an object"
        },
        {
            "questionText": "In which year was the Python 3.0 version developed?",
            "options": [{
                    "text": "2007"
                },
                {
                    "text": "2008",
                    "correct": true
                },
                {
                    "text": "2011"
                },
                {
                    "text": "2020"
                }
            ],
            "explanation": "number[] is another way of writing Array<number> in TypeScript"
        },
        {
            "questionText": "What do we use to define a block of code in Python language?",
            "options": [{
                    "text": "Indentation",
                    "correct": true
                },
                {
                    "text": "key"
                },
                {
                    "text": "brackets"
                },
                {
                    "text": "subscribe"
                }
            ],
            "explanation": "a constructor is used by a class to take in parameters"
        }
        
        
    ]
}